{
  "臺中市": {
    "total_agree": 1936458,
    "total_disagree": 638856,
    "total_valid": 2575314,
    "total_invalid": 33426,
    "total_votes": 2608740,
    "total_eligible_voters": 7249620,
    "polling_stations": 1928,
    "turnout_rate": 35.98450677414816
  },
  "澎湖縣": {
    "total_agree": 39540,
    "total_disagree": 12036,
    "total_valid": 51576,
    "total_invalid": 429,
    "total_votes": 52005,
    "total_eligible_voters": 283236,
    "polling_stations": 128,
    "turnout_rate": 18.361013430496122
  },
  "臺北市": {
    "total_agree": 1426215,
    "total_disagree": 450456,
    "total_valid": 1876671,
    "total_invalid": 12990,
    "total_votes": 1889661,
    "total_eligible_voters": 6263424,
    "polling_stations": 1773,
    "turnout_rate": 30.169776147998284
  },
  "新竹縣": {
    "total_agree": 448548,
    "total_disagree": 108405,
    "total_valid": 556953,
    "total_invalid": 7917,
    "total_votes": 564870,
    "total_eligible_voters": 1465527,
    "polling_stations": 496,
    "turnout_rate": 38.54381393178017
  },
  "嘉義縣": {
    "total_agree": 213945,
    "total_disagree": 82635,
    "total_valid": 296580,
    "total_invalid": 2166,
    "total_votes": 298746,
    "total_eligible_voters": 1274850,
    "polling_stations": 555,
    "turnout_rate": 23.433815743028592
  },
  "臺東縣": {
    "total_agree": 113574,
    "total_disagree": 21573,
    "total_valid": 135147,
    "total_invalid": 1347,
    "total_votes": 136494,
    "total_eligible_voters": 543438,
    "polling_stations": 253,
    "turnout_rate": 25.116756649332583
  },
  "臺南市": {
    "total_agree": 844659,
    "total_disagree": 425061,
    "total_valid": 1269720,
    "total_invalid": 9003,
    "total_votes": 1278723,
    "total_eligible_voters": 4802886,
    "polling_stations": 1585,
    "turnout_rate": 26.624054787059283
  },
  "彰化縣": {
    "total_agree": 666351,
    "total_disagree": 168267,
    "total_valid": 834618,
    "total_invalid": 8829,
    "total_votes": 843447,
    "total_eligible_voters": 3128325,
    "polling_stations": 1110,
    "turnout_rate": 26.961616839682577
  },
  "嘉義市": {
    "total_agree": 131022,
    "total_disagree": 51837,
    "total_valid": 182859,
    "total_invalid": 1113,
    "total_votes": 183972,
    "total_eligible_voters": 664488,
    "polling_stations": 199,
    "turnout_rate": 27.68627875898436
  },
  "南投縣": {
    "total_agree": 410721,
    "total_disagree": 161685,
    "total_valid": 572406,
    "total_invalid": 11136,
    "total_votes": 583542,
    "total_eligible_voters": 1231215,
    "polling_stations": 507,
    "turnout_rate": 47.39562139837478
  },
  "桃園市": {
    "total_agree": 1287918,
    "total_disagree": 296658,
    "total_valid": 1584576,
    "total_invalid": 12066,
    "total_votes": 1596642,
    "total_eligible_voters": 5915439,
    "polling_stations": 1402,
    "turnout_rate": 26.99109905452495
  },
  "宜蘭縣": {
    "total_agree": 186225,
    "total_disagree": 78009,
    "total_valid": 264234,
    "total_invalid": 2145,
    "total_votes": 266379,
    "total_eligible_voters": 1166718,
    "polling_stations": 445,
    "turnout_rate": 22.831481129116032
  },
  "金門縣": {
    "total_agree": 43572,
    "total_disagree": 2679,
    "total_valid": 46251,
    "total_invalid": 528,
    "total_votes": 46779,
    "total_eligible_voters": 377751,
    "polling_stations": 102,
    "turnout_rate": 12.38355424605097
  },
  "屏東縣": {
    "total_agree": 362160,
    "total_disagree": 271380,
    "total_valid": 633540,
    "total_invalid": 6558,
    "total_votes": 640098,
    "total_eligible_voters": 2064606,
    "polling_stations": 766,
    "turnout_rate": 31.003397258363098
  },
  "新竹市": {
    "total_agree": 268755,
    "total_disagree": 63369,
    "total_valid": 332124,
    "total_invalid": 2271,
    "total_votes": 334395,
    "total_eligible_voters": 1112694,
    "polling_stations": 360,
    "turnout_rate": 30.052736871053497
  },
  "花蓮縣": {
    "total_agree": 189120,
    "total_disagree": 29868,
    "total_valid": 218988,
    "total_invalid": 2499,
    "total_votes": 221487,
    "total_eligible_voters": 814557,
    "polling_stations": 353,
    "turnout_rate": 27.19109896544993
  },
  "基隆市": {
    "total_agree": 212109,
    "total_disagree": 53685,
    "total_valid": 265794,
    "total_invalid": 1980,
    "total_votes": 267774,
    "total_eligible_voters": 956073,
    "polling_stations": 291,
    "turnout_rate": 28.007693973158954
  },
  "苗栗縣": {
    "total_agree": 340431,
    "total_disagree": 52836,
    "total_valid": 393267,
    "total_invalid": 4371,
    "total_votes": 397638,
    "total_eligible_voters": 1373349,
    "polling_stations": 503,
    "turnout_rate": 28.95389300170605
  },
  "高雄市": {
    "total_agree": 1270953,
    "total_disagree": 688737,
    "total_valid": 1959690,
    "total_invalid": 11304,
    "total_votes": 1970994,
    "total_eligible_voters": 7074558,
    "polling_stations": 2095,
    "turnout_rate": 27.860312969375613
  },
  "新北市": {
    "total_agree": 2331138,
    "total_disagree": 788352,
    "total_valid": 3119490,
    "total_invalid": 24249,
    "total_votes": 3143739,
    "total_eligible_voters": 10503705,
    "polling_stations": 2713,
    "turnout_rate": 29.929810481158793
  },
  "雲林縣": {
    "total_agree": 294495,
    "total_disagree": 88287,
    "total_valid": 382782,
    "total_invalid": 3312,
    "total_votes": 386094,
    "total_eligible_voters": 1703982,
    "polling_stations": 641,
    "turnout_rate": 22.65833794018951
  },
  "連江縣": {
    "total_agree": 6387,
    "total_disagree": 408,
    "total_valid": 6795,
    "total_invalid": 96,
    "total_votes": 6891,
    "total_eligible_voters": 35832,
    "polling_stations": 17,
    "turnout_rate": 19.231413261888815
  }
}